f1,f2,dayglow,dayglow_q25,dayglow_q75,nightglow,nightglow_q25,nightglow_q75
0.0,0.046415888336127774,8.10527575521511,5.262214744821286,10.415680353735619,0.06782514334246466,0.05091909284874685,0.8984954244406391
0.046415888336127774,0.21544346900318834,0.25270542679181934,0.07923209326428314,0.2717126203012325,0.0037174275127796253,0.0008334228330957388,0.004217075985510636
0.21544346900318834,1.0,3.819963000409661e-05,2.77472728169179e-05,0.0015972338348463734,3.7765744819871694e-05,2.6564511063082372e-05,3.7765744819871694e-05
